date,batch,var_id,var_seq,ff,ren
210527,8,213,afdsf,11713,40089
210527,8,213,afdsf,12754,40326
210527,8,213,afdsf,6666,30137
210619,10,238,afqhk,1599,8665
210619,10,238,afqhk,1911,11916
210619,10,238,afqhk,1126,11210
210526,6,135,awrrt,136,15656
210526,6,135,awrrt,180,15892
210526,6,135,awrrt,157,13509
210526,6,138,awtdp,3672,52274
210526,6,138,awtdp,6417,55685
210526,6,138,awtdp,5614,56830
210526,6,153,ayila,2874,48510
210526,6,153,ayila,2680,51113
210526,6,153,ayila,2181,35250
200816,2,42,aynpl,69157,57412
200816,2,42,aynpl,58423,56727
200816,2,42,aynpl,66957,63538
210521,5,112,cflhl,647,69479
210521,5,112,cflhl,549,61645
210521,5,112,cflhl,1049,71432
200816,3,65,cftsi,35184,66097
200816,3,65,cftsi,32935,65752
200816,3,65,cftsi,34231,67354
200816,3,77,cftsi,27049,45028
200816,3,77,cftsi,30840,50623
200816,3,77,cftsi,32062,56593
210619,10,260,cwsts,2807,6353
210619,10,260,cwsts,3831,6815
210619,10,260,cwsts,3158,7048
210528,9,233,cwtgp,100,26511
210528,9,233,cwtgp,353,26417
210528,9,233,cwtgp,171,19512
200816,4,94,dfdrr,80257,52174
200816,4,94,dfdrr,52386,71308
200816,4,94,dfdrr,51930,71196
200816,2,30,dfqrk,14816,45434
200816,2,30,dfqrk,11981,43341
200816,2,30,dfqrk,11984,45444
200816,1,3,double,8771,46910
200816,1,3,double,8985,54464
200816,1,3,double,9077,54071
200816,2,46,double,17665,31049
200816,2,46,double,16980,31779
200816,2,46,double,17020,36457
200816,3,82,double,18261,45652
200816,3,82,double,20616,51565
200816,3,82,double,22661,51487
210521,5,99,double,2502,61846
210521,5,99,double,1942,60260
210521,5,99,double,2379,64380
210521,5,114,double,2773,80623
210521,5,114,double,2951,74651
210521,5,114,double,2527,46200
210526,6,142,double,417,37120
210526,6,142,double,865,35309
210526,6,142,double,378,36222
210526,6,155,double,669,56063
210526,6,155,double,249,1162
210526,6,155,double,352,11814
210528,9,182,double,48,9441
210528,9,182,double,36,7438
210528,9,182,double,49,8728
210528,9,187,double,2,6454
210528,9,187,double,10,3572
210528,9,187,double,15,4180
210527,8,228,double,1901,40986
210527,8,228,double,1787,41163
210527,8,228,double,1224,37698
210527,8,219,double,17389,33186
210527,8,219,double,12729,34842
210527,8,219,double,15198,34414
210526,6,134,eflpp,519,48843
210526,6,134,eflpp,1206,38506
210526,6,134,eflpp,1092,38528
210521,5,105,efptn,1140,53497
210521,5,105,efptn,1443,52571
210521,5,105,efptn,1303,54242
210521,5,109,ewhlr,5871,83800
210521,5,109,ewhlr,6923,79933
210521,5,109,ewhlr,6205,70929
200816,1,21,eyfil,98409,54945
200816,1,21,eyfil,107165,56258
200816,1,21,eyfil,107109,60334
210526,7,194,eyskl,1798,44524
210526,7,194,eyskl,1580,40198
210526,7,194,eyskl,1261,30515
210528,9,234,ffaan,1773,19626
210528,9,234,ffaan,1806,18629
210528,9,234,ffaan,1968,17641
200816,2,57,ffspp,15762,42638
200816,2,57,ffspp,17658,52543
200816,2,57,ffspp,23056,53124
200816,1,17,fftpf,29343,36569
200816,1,17,fftpf,28051,37390
200816,1,17,fftpf,29404,43902
200816,1,1,frameshift,47362,29509
200816,1,1,frameshift,41627,29922
200816,1,1,frameshift,43946,29606
200816,1,18,frameshift,43771,32703
200816,1,18,frameshift,39545,37286
200816,1,18,frameshift,49908,36327
200816,2,36,frameshift,24530,30475
200816,2,36,frameshift,25126,31283
200816,2,36,frameshift,24026,29496
200816,2,37,frameshift,33952,26815
200816,2,37,frameshift,33092,26804
200816,2,37,frameshift,33556,27281
200816,2,48,frameshift,30973,22379
200816,2,48,frameshift,30056,23442
200816,2,48,frameshift,36208,26241
200816,2,52,frameshift,67053,31372
200816,2,52,frameshift,74044,33371
200816,2,52,frameshift,79460,35520
200816,2,53,frameshift,34676,28056
200816,2,53,frameshift,39991,28308
200816,2,53,frameshift,66329,26668
200816,2,59,frameshift,42593,30272
200816,2,59,frameshift,43706,36038
200816,2,59,frameshift,43540,41204
200816,3,62,frameshift,50517,28515
200816,3,62,frameshift,43057,26860
200816,3,62,frameshift,34199,24699
200816,3,67,frameshift,25851,20806
200816,3,67,frameshift,24497,21404
200816,3,67,frameshift,25085,23758
210521,5,119,frameshift,3168,55423
210521,5,119,frameshift,3798,61341
210521,5,119,frameshift,5119,57552
210526,7,172,frameshift,7171,39015
210526,7,172,frameshift,5846,40177
210526,7,172,frameshift,6449,39622
210526,7,190,frameshift,2714,57915
210526,7,190,frameshift,2289,63843
210526,7,190,frameshift,2268,41337
200816,3,74,frameshift,60602,27725
200816,3,74,frameshift,69839,25730
200816,3,74,frameshift,70180,23801
200816,3,83,frameshift,56083,33326
200816,3,83,frameshift,65047,35202
200816,3,83,frameshift,69752,35144
210528,9,129,frameshift,135,25676
210528,9,129,frameshift,170,19819
210528,9,129,frameshift,89,21046
210528,9,177,frameshift,1131,25425
210528,9,177,frameshift,465,25300
210528,9,177,frameshift,515,20029
200816,2,55,fwfpk,2962,18204
200816,2,55,fwfpk,3206,19837
200816,2,55,fwfpk,3869,18935
210521,5,55,fwfpk,191,43722
210521,5,55,fwfpk,175,39620
210521,5,55,fwfpk,170,38198
210528,9,122,fwfvq,64,16476
210528,9,122,fwfvq,59,16449
210528,9,122,fwfvq,40,18178
210521,5,121,fwgsh,1012,71181
210521,5,121,fwgsh,794,66180
210521,5,121,fwgsh,600,48051
210901,12,265,fwnny,10249,27655
210901,12,265,fwnny,11608,31539
210901,12,265,fwnny,18990,78379
210901,12,265,fwnny,13284,61879
210901,12,265,fwnny,11567,56839
210901,12,265,fwnny,19514,97586
210901,12,265,fwnny,15530,68377
210901,12,265,fwnny,14978,65592
210901,12,265,fwnny,20724,96820
200816,1,13,fwntt,71620,36264
200816,1,13,fwntt,83741,40683
200816,1,13,fwntt,100348,42587
210619,10,264,fwplh,4001,6345
210619,10,264,fwplh,3634,6404
210619,10,264,fwplh,3042,6612
210527,8,229,fwsqc,946,38820
210527,8,229,fwsqc,585,38489
210527,8,229,fwsqc,538,20672
210619,10,243,fydiv,21013,6962
210619,10,243,fydiv,17878,6353
210619,10,243,fydiv,19829,6602
210526,7,183,fytsp,1274,38104
210526,7,183,fytsp,1011,39773
210526,7,183,fytsp,958,43394
210901,11,254,fywns,15488,37189
210901,11,254,fywns,21146,107552
210901,11,254,fywns,21472,96878
210901,11,254,fywns,21260,69520
210901,11,254,fywns,20213,110037
210901,11,254,fywns,21086,98056
210901,11,254,fywns,19222,88912
210901,11,254,fywns,20099,116900
210901,11,254,fywns,22715,75333
200816,3,63,gfgai,65156,49497
200816,3,63,gfgai,57115,45955
200816,3,63,gfgai,63486,47935
210526,7,180,gflcr,428,46892
210526,7,180,gflcr,305,47535
210526,7,180,gflcr,291,53800
200816,2,50,gfrpt,13138,35789
200816,2,50,gfrpt,12800,37081
200816,2,50,gfrpt,14012,39959
210526,6,154,gfsat,1043,50848
210526,6,154,gfsat,1648,48500
210526,6,154,gfsat,1127,30736
210526,6,145,gfsds,993,45371
210526,6,145,gfsds,720,49972
210526,6,145,gfsds,623,26812
200816,3,91,gfspr,20625,45467
200816,3,91,gfspr,21631,45456
200816,3,91,gfspr,24006,46652
200816,1,14,gfydg,59213,36077
200816,1,14,gfydg,59354,39720
200816,1,14,gfydg,71770,47686
200816,2,32,gwapn,37335,31586
200816,2,32,gwapn,26713,51604
200816,2,32,gwapn,28934,60854
210526,7,156,gwatl,56,13245
210526,7,156,gwatl,92,14220
210526,7,156,gwatl,84,15026
200816,3,75,gwdtl,80872,59435
200816,3,75,gwdtl,82826,58660
200816,3,75,gwdtl,82194,64166
200816,2,61,gwipp,22020,51394
200816,2,61,gwipp,24843,55951
200816,2,61,gwipp,28054,60878
210901,11,252,gwlsp,30867,63381
210901,11,252,gwlsp,29865,85382
210901,11,252,gwlsp,28011,62877
210901,11,252,gwlsp,32267,76652
210901,11,252,gwlsp,28790,83859
210901,11,252,gwlsp,26249,67881
210901,11,252,gwlsp,29844,93819
210901,11,252,gwlsp,25509,92576
210901,11,252,gwlsp,29738,64474
210526,7,169,gwqvd,606,14162
210526,7,169,gwqvd,608,15929
210526,7,169,gwqvd,498,13531
210526,7,174,gwrpi,231,49642
210526,7,174,gwrpi,186,54541
210526,7,174,gwrpi,199,52299
210528,9,100,gwsrd,119,37112
210528,9,100,gwsrd,200,44822
210528,9,100,gwsrd,294,47421
210526,7,184,gwsyt,367,49850
210526,7,184,gwsyt,422,48735
210526,7,184,gwsyt,461,27215
210526,6,133,gydle,3067,45253
210526,6,133,gydle,4198,43128
210526,6,133,gydle,3411,46678
210527,8,206,gyhys,3250,58573
210527,8,206,gyhys,3207,55480
210527,8,206,gyhys,3201,55590
200816,4,93,gylll,75565,53326
200816,4,93,gylll,72212,57277
200816,4,93,gylll,44689,58903
210528,9,195,gyrll,117,16236
210528,9,195,gyrll,10,11983
210528,9,195,gyrll,22,8287
210526,7,162,gysnf,329,15351
210526,7,162,gysnf,360,16482
210526,7,162,gysnf,337,19369
200816,1,28,gysva,57884,49633
200816,1,28,gysva,61750,48055
200816,1,28,gysva,61527,48982
200816,2,39,gyvsa,59648,59870
200816,2,39,gyvsa,57981,58143
200816,2,39,gyvsa,54039,60285
210521,5,110,gyyha,1020,72122
210521,5,110,gyyha,1237,79425
210521,5,110,gyyha,1146,69253
210526,6,124,gyyha,230,13475
210526,6,124,gyyha,110,14772
210526,6,124,gyyha,318,17517
210528,9,102,hfgsd,166,17993
210528,9,102,hfgsd,127,15541
210528,9,102,hfgsd,75,13764
200816,1,27,hfsys,39599,46500
200816,1,27,hfsys,38586,45213
200816,1,27,hfsys,49131,52464
210521,5,116,hwpwp,823,80018
210521,5,116,hwpwp,862,78644
210521,5,116,hwpwp,700,62812
210526,6,132,ifhhc,527,39363
210526,6,132,ifhhc,1065,51746
210526,6,132,ifhhc,1005,49305
200816,1,10,iwqfa,22362,64228
200816,1,10,iwqfa,21744,67340
200816,1,10,iwqfa,22570,62290
210526,7,170,iydlp,1077,13666
210526,7,170,iydlp,1179,16201
210526,7,170,iydlp,328,15273
210526,7,161,iyqvi,305,16212
210526,7,161,iyqvi,396,18951
210526,7,161,iyqvi,438,18268
210527,8,209,iytpd,6462,45133
210527,8,209,iytpd,6071,44676
210527,8,209,iytpd,7146,44102
210527,8,218,iywck,456,72628
210527,8,218,iywck,530,68285
210527,8,218,iywck,530,71470
210528,9,236,kfgta,1387,54148
210528,9,236,kfgta,2193,56621
210528,9,236,kfgta,1086,41939
210526,7,192,kflrv,131,51263
210526,7,192,kflrv,104,57059
210526,7,192,kflrv,264,37510
210527,8,203,kflts,1832,62730
210527,8,203,kflts,1587,60954
210527,8,203,kflts,2124,61460
200816,3,85,kwhlp,13755,44857
200816,3,85,kwhlp,14954,48156
200816,3,85,kwhlp,19076,52481
200816,1,26,kwkhe,11694,42917
200816,1,26,kwkhe,12365,41225
200816,1,26,kwkhe,13584,46887
210901,12,267,kwrqs,2247,13442
210901,12,267,kwrqs,2661,49266
210901,12,267,kwrqs,3444,38841
210901,12,267,kwrqs,2348,26260
210901,12,267,kwrqs,3632,56456
210901,12,267,kwrqs,3751,35944
210901,12,267,kwrqs,2650,33335
210901,12,267,kwrqs,3731,59493
210901,12,267,kwrqs,2309,22874
210527,8,214,kwsrd,1016,68214
210527,8,214,kwsrd,1023,65943
210527,8,214,kwsrd,874,60808
210527,8,216,kyick,4576,35377
210527,8,216,kyick,3841,30540
210527,8,216,kyick,4378,38856
200816,2,56,kysgs,48763,54998
200816,2,56,kysgs,53775,58840
200816,2,56,kysgs,62967,58600
200816,3,84,lfcvs,29757,52931
200816,3,84,lfcvs,31833,49467
200816,3,84,lfcvs,42043,54919
210526,6,128,lfgad,5234,57894
210526,6,128,lfgad,9520,60385
210526,6,128,lfgad,5719,56624
210528,9,152,lfltg,49,24069
210528,9,152,lfltg,27,18994
210528,9,152,lfltg,58,13933
210521,5,117,lfmar,280,71125
210521,5,117,lfmar,388,72867
210521,5,117,lfmar,433,66628
210527,8,224,lfprr,650,48306
210527,8,224,lfprr,727,47978
210527,8,224,lfprr,1157,44280
200816,1,15,lfrnr,7306,34519
200816,1,15,lfrnr,7657,37054
200816,1,15,lfrnr,6941,42595
210521,5,15,lfrnr,60,2654
210521,5,15,lfrnr,112,4811
210521,5,15,lfrnr,134,7205
210526,7,189,lftvp,906,60394
210526,7,189,lftvp,698,60504
210526,7,189,lftvp,649,50103
210528,9,163,lfyih,300,50043
210528,9,163,lfyih,274,63996
210528,9,163,lfyih,378,59394
200816,3,68,lwatn,18229,52252
200816,3,68,lwatn,15472,53968
200816,3,68,lwatn,15862,56498
210527,8,201,lwlta,8571,26387
210527,8,201,lwlta,8061,25835
210527,8,201,lwlta,7836,27225
210526,6,125,lwmpm,388,30917
210526,6,125,lwmpm,413,33703
210526,6,125,lwmpm,400,27049
200816,4,92,lwnyl,53452,56763
200816,4,92,lwnyl,43630,62032
200816,4,92,lwnyl,39687,64690
200816,3,78,lwplp,11184,47199
200816,3,78,lwplp,12349,51826
200816,3,78,lwplp,11210,54919
210521,5,108,lwtpv,806,76203
210521,5,108,lwtpv,603,83390
210521,5,108,lwtpv,925,77160
210526,6,141,lyayr,519,49599
210526,6,141,lyayr,626,43773
210526,6,141,lyayr,498,46989
210619,10,259,lydry,15638,6951
210619,10,259,lydry,10895,5720
210619,10,259,lydry,14792,6903
200816,2,38,lykvr,9293,31454
200816,2,38,lykvr,9867,30808
200816,2,38,lykvr,10302,33766
210526,6,151,lylet,4945,67193
210526,6,151,lylet,4559,68491
210526,6,151,lylet,3836,46379
210619,10,245,lylva,5162,8829
210619,10,245,lylva,2856,7403
210619,10,245,lylva,4885,9042
210619,10,245,lylva,3756,7189
210619,10,245,lylva,6272,9038
210619,10,245,lylva,3658,8069
210526,6,147,lynea,3303,64220
210526,6,147,lynea,3649,59916
210526,6,147,lynea,1755,47790
200816,1,12,mwlhg,25194,49182
200816,1,12,mwlhg,26491,58337
200816,1,12,mwlhg,28324,53421
210526,7,157,mwlnl,216,13848
210526,7,157,mwlnl,174,15409
210526,7,157,mwlnl,264,17521
210521,5,118,mwmvp,612,79339
210521,5,118,mwmvp,663,83255
210521,5,118,mwmvp,813,79386
210521,5,120,mwnpc,3609,76561
210521,5,120,mwnpc,2147,73749
210521,5,120,mwnpc,2298,64068
210521,5,97,mwsrr,170,64432
210521,5,97,mwsrr,590,63718
210521,5,97,mwsrr,50,56763
210528,9,136,mykyp,65,30523
210528,9,136,mykyp,43,26074
210528,9,136,mykyp,47,25996
210619,10,255,nfipp,10516,7760
210619,10,255,nfipp,12096,8744
210619,10,255,nfipp,11772,8968
210619,10,256,nfipp,8140,5812
210619,10,256,nfipp,11355,6062
210619,10,256,nfipp,9607,6651
210526,6,130,nfnvd,4432,69161
210526,6,130,nfnvd,4438,67431
210526,6,130,nfnvd,3809,63935
200816,1,23,nwpmf,42345,60415
200816,1,23,nwpmf,37797,55294
200816,1,23,nwpmf,39135,65396
210526,7,175,pwprt,748,47994
210526,7,175,pwprt,755,50019
210526,7,175,pwprt,741,51092
200816,1,5,pynsp,67590,45468
200816,1,5,pynsp,75471,43546
200816,1,5,pynsp,78209,45606
210526,6,140,pyqgp,5320,61186
210526,6,140,pyqgp,6395,59477
210526,6,140,pyqgp,5555,62727
200816,3,87,pyrrt,85436,44176
200816,3,87,pyrrt,73804,42286
200816,3,87,pyrrt,99240,47797
200816,4,95,qflia,41543,57629
200816,4,95,qflia,40469,56414
200816,4,95,qflia,43754,64187
210901,11,253,qfpnt,35580,62295
210901,11,253,qfpnt,33365,103504
210901,11,253,qfpnt,39625,49393
210901,11,253,qfpnt,34649,87337
210901,11,253,qfpnt,29042,97203
210901,11,253,qfpnt,36078,52500
210901,11,253,qfpnt,39116,98450
210901,11,253,qfpnt,29357,100984
210901,11,253,qfpnt,33170,29155
200816,2,58,qyfpf,33677,50003
200816,2,58,qyfpf,35079,50499
200816,2,58,qyfpf,35566,52530
200816,1,8,qyhdk,37955,46201
200816,1,8,qyhdk,37842,47982
200816,1,8,qyhdk,38887,49564
200816,4,96,qyitt,49466,64308
200816,4,96,qyitt,58760,71907
200816,4,96,qyitt,53638,71605
210619,10,242,qyitt,6224,11151
210619,10,242,qyitt,6347,12515
210619,10,242,qyitt,5600,12867
210527,8,221,qyklk,589,44388
210527,8,221,qyklk,565,49884
210527,8,221,qyklk,894,42763
210527,8,202,rfraf,744,54573
210527,8,202,rfraf,712,57683
210527,8,202,rfraf,586,58379
210528,9,173,rfrtt,29,14655
210528,9,173,rfrtt,33,16899
210528,9,173,rfrtt,16,16374
200816,2,31,rfrvg,18637,44397
200816,2,31,rfrvg,18301,44648
200816,2,31,rfrvg,18042,50351
200816,1,4,rftwt,24626,51157
200816,1,4,rftwt,17853,54215
200816,1,4,rftwt,19699,51499
200816,1,19,rw,19576,51988
200816,1,19,rw,20824,54813
210526,6,148,rwapn,899,58908
210526,6,148,rwapn,590,55293
210526,6,148,rwapn,590,40021
200816,1,19,rwaps,20621,46942
200816,2,43,rwarg,9921,48542
200816,2,43,rwarg,9500,51425
200816,2,43,rwarg,9746,54899
200816,1,7,rwdtt,30464,68469
200816,1,7,rwdtt,32325,68475
200816,1,7,rwdtt,33429,69907
210528,9,230,rwgqy,326,51941
210528,9,230,rwgqy,521,40672
210528,9,230,rwgqy,599,40417
210521,5,115,rwhlr,1089,52508
210521,5,115,rwhlr,978,53250
210521,5,115,rwhlr,651,43124
200816,3,64,rwnrt,74135,52585
200816,3,64,rwnrt,79325,41866
200816,3,64,rwnrt,86948,36902
200816,1,22,rwpsd,27373,42544
200816,1,22,rwpsd,25693,40779
200816,1,22,rwpsd,30241,42182
210526,7,158,rwtwp,69,16536
210526,7,158,rwtwp,40,15838
210526,7,158,rwtwp,64,14911
210526,7,171,ryhha,267,12519
210526,7,171,ryhha,190,11559
210526,7,171,ryhha,161,12275
210526,7,176,rykdr,755,47482
210526,7,176,rykdr,721,52343
210526,7,176,rykdr,471,48647
210527,8,211,ryphh,3281,49148
210527,8,211,ryphh,2729,47425
210527,8,211,ryphh,3421,53216
210619,10,241,ryrwt,2000,7917
210619,10,241,ryrwt,1836,8073
210619,10,241,ryrwt,2147,7882
200816,1,25,sffcd,70774,36783
200816,1,25,sffcd,62469,35796
200816,1,25,sffcd,69226,37781
200816,3,81,sfhhq,24735,46058
200816,3,81,sfhhq,23340,47783
200816,3,81,sfhhq,25047,50447
200816,2,40,sfpkr,3165,41582
200816,2,40,sfpkr,3925,37878
200816,2,40,sfpkr,3793,39613
210521,5,40,sfpkr,608,39187
210521,5,40,sfpkr,69,6830
210521,5,40,sfpkr,129,26614
200816,1,16,stop,43171,27093
200816,1,16,stop,42251,25690
200816,1,16,stop,46221,32609
210521,5,101,stop,6025,81189
210521,5,101,stop,3189,63488
210521,5,101,stop,3813,66580
210521,5,113,stop,8626,49935
210521,5,113,stop,8920,53835
210521,5,113,stop,9747,52217
210526,6,123,stop,2941,22662
210526,6,123,stop,4375,27177
210526,6,123,stop,4984,26716
210526,6,126,stop,4897,29660
210526,6,126,stop,4021,29591
210526,6,126,stop,2733,22431
210526,7,188,stop,606,38392
210526,7,188,stop,1446,44917
210526,7,188,stop,1638,33413
210527,8,197,stop,9003,35125
210527,8,197,stop,8474,37062
210527,8,197,stop,8254,35485
210527,8,227,stop,7839,48717
210527,8,227,stop,8530,54833
210527,8,227,stop,8404,42152
210528,9,232,stop,3480,21689
210528,9,232,stop,5358,21956
210528,9,232,stop,6626,19001
210619,10,240,stop,6184,3105
210619,10,240,stop,3911,3773
210619,10,240,stop,2260,3432
210619,10,244,stop,7423,3324
210619,10,244,stop,3298,2016
210619,10,244,stop,7700,3654
210619,10,247,stop,11257,4488
210619,10,247,stop,9957,3939
210619,10,247,stop,12139,4582
210619,10,263,stop,8717,4245
210619,10,263,stop,2713,1549
210619,10,263,stop,9948,4974
210528,9,193,stop,81,16618
210528,9,193,stop,11,10661
210528,9,193,stop,86,8091
200816,2,49,swpiq,10933,49565
200816,2,49,swpiq,11954,55082
200816,2,49,swpiq,9993,52477
200816,1,9,swsev,44981,61183
200816,1,9,swsev,49210,58543
200816,1,9,swsev,54644,62000
210526,7,168,swstr,66,10874
210526,7,168,swstr,71,11039
210526,7,168,swstr,36,11857
200816,3,86,swtnl,30730,35618
200816,3,86,swtnl,32810,41551
200816,3,86,swtnl,39297,45047
210521,5,104,syphr,819,85707
210521,5,104,syphr,605,70698
210521,5,104,syphr,559,77980
210528,9,205,sypkp,399,47747
210528,9,205,sypkp,220,47368
210528,9,205,sypkp,348,48208
200816,1,6,sytgm,69757,34902
200816,1,6,sytgm,80886,33066
200816,1,6,sytgm,87429,33156
200816,3,66,twpvt,12364,56518
200816,3,66,twpvt,13359,61716
200816,3,66,twpvt,12751,64066
210521,5,66,twpvt,695,82023
210521,5,66,twpvt,508,78461
210521,5,66,twpvt,241,68296
210526,7,191,twtrr,204,46892
210526,7,191,twtrr,183,35907
210526,7,191,twtrr,53,20701
210901,12,268,tydpc,52724,31716
210901,12,268,tydpc,86692,94672
210901,12,268,tydpc,84505,89980
210901,12,268,tydpc,46676,36503
210901,12,268,tydpc,87297,102494
210901,12,268,tydpc,84772,97892
210901,12,268,tydpc,60084,55827
210901,12,268,tydpc,88109,118258
210901,12,268,tydpc,89027,72574
200816,3,71,tyqdm,106265,74961
200816,3,71,tyqdm,111994,72125
200816,3,71,tyqdm,105736,73817
210528,9,235,tytky,772,45646
210528,9,235,tytky,439,44643
210528,9,235,tytky,780,38484
200816,3,80,vfaty,28487,43094
200816,3,80,vfaty,37762,44728
200816,3,80,vfaty,25225,48842
210619,10,239,vfrph,406,5103
210619,10,239,vfrph,562,6992
210619,10,239,vfrph,435,7926
210901,12,266,vfrrh,2960,18218
210901,12,266,vfrrh,4813,59842
210901,12,266,vfrrh,5354,57116
210901,12,266,vfrrh,3614,32565
210901,12,266,vfrrh,6123,71367
210901,12,266,vfrrh,5352,59899
210901,12,266,vfrrh,5011,43634
210901,12,266,vfrrh,5480,74834
210901,12,266,vfrrh,5960,59186
210901,11,251,vfsns,41326,84834
210901,11,251,vfsns,42540,105286
210901,11,251,vfsns,37475,65011
210901,11,251,vfsns,48298,111584
210901,11,251,vfsns,41612,110169
210901,11,251,vfsns,39150,60110
210901,11,251,vfsns,41623,111015
210901,11,251,vfsns,41103,100266
210901,11,251,vfsns,37788,64177
210527,8,225,vfsws,13292,31922
210527,8,225,vfsws,11432,30716
210527,8,225,vfsws,12349,29323
200816,1,2,vwapa,23202,58968
200816,1,2,vwapa,25181,59294
200816,1,2,vwapa,25153,59331
210527,8,212,vwcrh,241,57606
210527,8,212,vwcrh,192,57301
210527,8,212,vwcrh,379,60095
200816,2,35,vwnhg,13163,31963
200816,2,35,vwnhg,13102,30883
200816,2,35,vwnhg,10417,32424
200816,3,70,vwpss,18876,49601
200816,3,70,vwpss,19450,55501
200816,3,70,vwpss,21093,55008
210526,7,178,vwqhi,276,50140
210526,7,178,vwqhi,271,67849
210526,7,178,vwqhi,279,67827
210526,6,143,vwrlp,72,35656
210526,6,143,vwrlp,446,37436
210526,6,143,vwrlp,292,34804
210619,10,237,vwyah,3350,9812
210619,10,237,vwyah,3142,11955
210619,10,237,vwyah,3254,12797
200816,2,33,vydsv,80578,56681
200816,2,33,vydsv,78982,56465
200816,2,33,vydsv,83860,56723
210521,5,111,vyigh,1634,83079
210521,5,111,vyigh,1321,80741
210521,5,111,vyigh,1758,77054
210528,9,98,vyldq,64,42201
210528,9,98,vyldq,275,35678
210528,9,98,vyldq,96,44768
200816,3,88,vylmv,53934,53638
200816,3,88,vylmv,53086,55500
200816,3,88,vylmv,54528,54816
200816,3,76,vylnm,49918,46817
200816,3,76,vylnm,50832,45715
200816,3,76,vylnm,49308,48857
210526,7,167,vypgr,254,14137
210526,7,167,vypgr,163,13644
210526,7,167,vypgr,282,13918
200816,1,24,vysrv,20645,44887
200816,1,24,vysrv,21107,44025
200816,1,24,vysrv,18591,47478
210527,8,200,vywdd,5765,61665
210527,8,200,vywdd,6657,61282
210527,8,200,vywdd,7134,60729
210527,8,207,wfdrp,4379,65286
210527,8,207,wfdrp,5581,71463
210527,8,207,wfdrp,5751,67155
210526,7,179,wfqlc,310,47982
210526,7,179,wfqlc,537,53622
210526,7,179,wfqlc,428,51119
200816,1,29,wftda,78077,53737
200816,1,29,wftda,76261,51312
200816,1,29,wftda,92626,48311
210619,10,248,wfywq,6025,10761
210619,10,248,wfywq,6474,10736
210619,10,248,wfywq,7044,10983
210527,8,198,wwdhp,4403,40970
210527,8,198,wwdhp,5998,54358
210527,8,198,wwdhp,6879,59644
200816,3,90,wwdtl,76896,54283
200816,3,90,wwdtl,73959,52779
200816,3,90,wwdtl,82189,56391
210526,7,186,wwgek,48,22833
210526,7,186,wwgek,73,24853
210526,7,186,wwgek,88,27697
210526,6,150,wwplr,263,54905
210526,6,150,wwplr,440,58056
210526,6,150,wwplr,346,39425
200816,2,45,wwscn,18869,51903
200816,2,45,wwscn,17537,54104
200816,2,45,wwscn,18067,54994
210527,8,199,wwspp,1596,64336
210527,8,199,wwspp,1541,62685
210527,8,199,wwspp,1316,63451
210526,6,131,wwwrs,230,16763
210526,6,131,wwwrs,104,15131
210526,6,131,wwwrs,214,15233
200816,2,41,wwyat,11566,56008
200816,2,41,wwyat,11765,59007
200816,2,41,wwyat,12711,58133
210528,9,208,wyhph,490,51817
210528,9,208,wyhph,613,50657
210528,9,208,wyhph,675,53314
200816,2,60,wymlg,39358,42965
200816,2,60,wymlg,33490,41275
200816,2,60,wymlg,40027,48169
210521,5,103,wyvlv,3577,86604
210521,5,103,wyvlv,3746,90713
210521,5,103,wyvlv,3359,85843
210528,9,160,yfmmk,57,27564
210528,9,160,yfmmk,95,32284
210528,9,160,yfmmk,33,33068
210526,6,137,yftgp,1563,65293
210526,6,137,yftgp,1678,61536
210526,6,137,yftgp,1428,61501
210521,5,106,ywhkr,121,32087
210521,5,106,ywhkr,120,33981
210521,5,106,ywhkr,129,31404
210526,6,139,ywhkr,95,28051
210526,6,139,ywhkr,143,30172
210526,6,139,ywhkr,147,29410
210527,8,226,ywplw,5398,29944
210527,8,226,ywplw,5062,31045
210527,8,226,ywplw,2842,21258
210527,8,215,ywprs,456,59166
210527,8,215,ywprs,178,49065
210527,8,215,ywprs,508,55147
200816,3,72,yykrr,31665,51480
200816,3,72,yykrr,33571,59354
200816,3,72,yykrr,32068,58478
200816,3,69,_,38863,44975
200816,3,69,_,40849,37826
200816,3,69,_,37701,40914
210521,5,107,_,4430,69890
210521,5,107,_,5338,71532
210521,5,107,_,4490,67388
210527,8,220,_wvae,16529,39698
210527,8,220,_wvae,17295,41210
210527,8,220,_wvae,13227,29099
210528,9,231,_ywinv,1164,31064
210528,9,231,_ywinv,1546,31947
210528,9,231,_ywinv,883,21332
200816,1,ev,empty_vector,113244,30720
200816,1,ev,empty_vector,137103,49657
200816,1,ev,empty_vector,124223,55311
200816,2,ev,empty_vector,116589,42429
200816,2,ev,empty_vector,102537,53731
200816,2,ev,empty_vector,110909,55155
200816,3,ev,empty_vector,133520,34729
200816,3,ev,empty_vector,118974,49812
200816,3,ev,empty_vector,121226,51083
200816,4,ev,empty_vector,154180,48985
200816,4,ev,empty_vector,121674,64759
200816,4,ev,empty_vector,131275,74649
210521,5,ev,empty_vector,8571,23806
210521,5,ev,empty_vector,8836,42365
210521,5,ev,empty_vector,8271,39665
210521,5,ev,empty_vector,6466,46642
210521,5,ev,empty_vector,8523,38120
210521,5,ev,empty_vector,6191,46127
210526,6,ev,empty_vector,3736,14362
210526,6,ev,empty_vector,4469,27305
210526,6,ev,empty_vector,3822,19432
210526,6,ev,empty_vector,3338,33684
210526,6,ev,empty_vector,3373,20340
210526,6,ev,empty_vector,4907,35850
210526,7,ev,empty_vector,4199,14851
210526,7,ev,empty_vector,3483,24390
210526,7,ev,empty_vector,3243,21715
210526,7,ev,empty_vector,3821,32267
210526,7,ev,empty_vector,2629,22623
210526,7,ev,empty_vector,5411,32708
210527,8,ev,empty_vector,4955,20077
210527,8,ev,empty_vector,4731,27166
210527,8,ev,empty_vector,5469,27379
210527,8,ev,empty_vector,7907,34498
210527,8,ev,empty_vector,5731,24729
210527,8,ev,empty_vector,8876,35766
210528,9,ev,empty_vector,2707,10054
210528,9,ev,empty_vector,3333,18812
210528,9,ev,empty_vector,2128,18838
210528,9,ev,empty_vector,3085,25760
210528,9,ev,empty_vector,3843,19774
210528,9,ev,empty_vector,2922,25915
210619,10,ev,empty_vector,5778,3292
210619,10,ev,empty_vector,6308,4286
210619,10,ev,empty_vector,9233,5498
210901,11,ev,empty_vector,43547,25011
210901,11,ev,empty_vector,79340,55299
210901,11,ev,empty_vector,77346,57435
210901,11,ev,empty_vector,77072,53272
210901,11,ev,empty_vector,101941,43818
210901,11,ev,empty_vector,81023,59093
210901,11,ev,empty_vector,83925,57538
210901,11,ev,empty_vector,83893,60305
210901,11,ev,empty_vector,95574,42335
210901,11,ev,empty_vector,76186,58825
210901,11,ev,empty_vector,82549,60078
210901,11,ev,empty_vector,95866,55459
210901,12,ev,empty_vector,6630,2752
210901,12,ev,empty_vector,62697,35441
210901,12,ev,empty_vector,66508,50614
210901,12,ev,empty_vector,74625,54611
210901,12,ev,empty_vector,8234,3631
210901,12,ev,empty_vector,76277,48252
210901,12,ev,empty_vector,77273,61568
210901,12,ev,empty_vector,83631,56758
210901,12,ev,empty_vector,13780,7059
210901,12,ev,empty_vector,87331,58286
210901,12,ev,empty_vector,82864,61496
210901,12,ev,empty_vector,71475,48760
200816,1,nls,nls-wtmxa,6929,54068
200816,1,nls,nls-wtmxa,9388,63036
200816,1,nls,nls-wtmxa,7837,58665
200816,2,nls,nls-wtmxa,7123,55266
200816,2,nls,nls-wtmxa,7247,57075
200816,2,nls,nls-wtmxa,8408,57250
200816,3,nls,nls-wtmxa,9447,60980
200816,3,nls,nls-wtmxa,8954,62531
200816,3,nls,nls-wtmxa,9558,71211
200816,4,nls,nls-wtmxa,7920,72404
200816,4,nls,nls-wtmxa,9884,78102
200816,4,nls,nls-wtmxa,7815,70375
210521,5,nls,nls-wtmxa,124,87818
210521,5,nls,nls-wtmxa,337,101905
210521,5,nls,nls-wtmxa,288,94801
210526,6,nls,nls-wtmxa,71,30251
210526,6,nls,nls-wtmxa,317,37007
210526,6,nls,nls-wtmxa,66,34917
210526,7,nls,nls-wtmxa,64,14938
210526,7,nls,nls-wtmxa,65,14290
210526,7,nls,nls-wtmxa,54,17423
210527,8,nls,nls-wtmxa,526,53476
210527,8,nls,nls-wtmxa,497,70041
210527,8,nls,nls-wtmxa,500,67992
210528,9,nls,nls-wtmxa,82,51237
210528,9,nls,nls-wtmxa,82,57614
210528,9,nls,nls-wtmxa,115,59230
210619,10,nls,nls-wtmxa,491,6293
210619,10,nls,nls-wtmxa,739,9018
210619,10,nls,nls-wtmxa,695,8735
210901,11,nls,nls-wtmxa,3605,96395
210901,11,nls,nls-wtmxa,4142,119551
210901,11,nls,nls-wtmxa,3961,106671
210901,11,nls,nls-wtmxa,3772,112397
210901,11,nls,nls-wtmxa,4474,123844
210901,11,nls,nls-wtmxa,4151,110179
210901,11,nls,nls-wtmxa,4253,111280
210901,11,nls,nls-wtmxa,3714,110160
210901,11,nls,nls-wtmxa,4505,114302
210901,11,nls,nls-wtmxa,4701,116913
210901,11,nls,nls-wtmxa,4447,113799
210901,11,nls,nls-wtmxa,4207,97457
210901,12,nls,nls-wtmxa,1520,30499
210901,12,nls,nls-wtmxa,3155,82404
210901,12,nls,nls-wtmxa,2965,91138
210901,12,nls,nls-wtmxa,2542,85472
210901,12,nls,nls-wtmxa,2093,47595
210901,12,nls,nls-wtmxa,3734,109215
210901,12,nls,nls-wtmxa,3666,107817
210901,12,nls,nls-wtmxa,3924,89423
210901,12,nls,nls-wtmxa,2676,55069
210901,12,nls,nls-wtmxa,3358,118893
210901,12,nls,nls-wtmxa,3650,112920
210901,12,nls,nls-wtmxa,3072,74937
200816,1,stop,stop,73236,28163
200816,1,stop,stop,50059,23766
200816,1,stop,stop,53223,26785
200816,2,stop,stop,65813,27645
200816,2,stop,stop,54644,28580
200816,2,stop,stop,60144,29497
200816,3,stop,stop,64246,27547
200816,3,stop,stop,60844,28025
200816,3,stop,stop,62579,27166
200816,4,stop,stop,81388,35655
200816,4,stop,stop,72105,37542
200816,4,stop,stop,65350,33335
210521,5,stop,stop,9795,45808
210521,5,stop,stop,10130,50915
210521,5,stop,stop,9538,52536
200816,1,t103a,t103a-mxa,153050,43741
200816,1,t103a,t103a-mxa,114501,51619
200816,1,t103a,t103a-mxa,129064,55202
200816,2,t103a,t103a-mxa,144869,50403
200816,2,t103a,t103a-mxa,112873,48805
200816,2,t103a,t103a-mxa,102993,50637
200816,3,t103a,t103a-mxa,150221,51514
200816,3,t103a,t103a-mxa,119107,53288
200816,3,t103a,t103a-mxa,123561,52618
200816,4,t103a,t103a-mxa,134323,61104
200816,4,t103a,t103a-mxa,122421,64808
200816,4,t103a,t103a-mxa,116212,59373
210521,5,t103a,t103a-mxa,8929,76196
210521,5,t103a,t103a-mxa,7899,90184
210521,5,t103a,t103a-mxa,5665,83555
210526,6,t103a,t103a-mxa,3487,47695
210526,6,t103a,t103a-mxa,2678,52189
210526,6,t103a,t103a-mxa,2416,55542
210526,7,t103a,t103a-mxa,4886,57133
210526,7,t103a,t103a-mxa,2264,51929
210526,7,t103a,t103a-mxa,4679,65835
210527,8,t103a,t103a-mxa,7969,62158
210527,8,t103a,t103a-mxa,7941,64547
210527,8,t103a,t103a-mxa,5745,68350
210528,9,t103a,t103a-mxa,3117,50070
210528,9,t103a,t103a-mxa,2274,63310
210528,9,t103a,t103a-mxa,2916,61783
210619,10,t103a,t103a-mxa,22558,11526
210619,10,t103a,t103a-mxa,21629,11488
210619,10,t103a,t103a-mxa,21672,11312
210901,11,t103a,t103a-mxa,79198,107767
210901,11,t103a,t103a-mxa,74705,106264
210901,11,t103a,t103a-mxa,65600,116302
210901,11,t103a,t103a-mxa,70096,110146
210901,11,t103a,t103a-mxa,83360,126121
210901,11,t103a,t103a-mxa,67697,108125
210901,11,t103a,t103a-mxa,70745,120168
210901,11,t103a,t103a-mxa,82503,117998
210901,11,t103a,t103a-mxa,57820,124330
210901,11,t103a,t103a-mxa,67309,118990
210901,11,t103a,t103a-mxa,68312,111592
210901,11,t103a,t103a-mxa,86910,110216
210901,12,t103a,t103a-mxa,48153,28982
210901,12,t103a,t103a-mxa,64415,80678
210901,12,t103a,t103a-mxa,58892,110262
210901,12,t103a,t103a-mxa,70467,105173
210901,12,t103a,t103a-mxa,48454,52548
210901,12,t103a,t103a-mxa,64695,95266
210901,12,t103a,t103a-mxa,65680,114301
210901,12,t103a,t103a-mxa,72533,109410
210901,12,t103a,t103a-mxa,59392,83506
210901,12,t103a,t103a-mxa,64279,115983
210901,12,t103a,t103a-mxa,62008,117227
210901,12,t103a,t103a-mxa,72817,91567
200816,1,wt,wtmxa,33993,43702
200816,1,wt,wtmxa,31726,59428
200816,1,wt,wtmxa,29997,60073
200816,2,wt,wtmxa,29664,63290
200816,2,wt,wtmxa,29099,56390
200816,2,wt,wtmxa,28826,58906
200816,3,wt,wtmxa,42798,50874
200816,3,wt,wtmxa,33257,53424
200816,3,wt,wtmxa,33160,53431
200816,4,wt,wtmxa,42467,61566
200816,4,wt,wtmxa,33520,67071
200816,4,wt,wtmxa,31265,69668
210521,5,wt,wtmxa,2225,75864
210521,5,wt,wtmxa,1723,78406
210521,5,wt,wtmxa,1715,75854
210526,6,wt,wtmxa,838,47954
210526,6,wt,wtmxa,642,43437
210526,6,wt,wtmxa,1285,57301
210526,6,wt,wtmxa,385,35986
210526,6,wt,wtmxa,947,56264
210526,6,wt,wtmxa,997,56967
210526,7,wt,wtmxa,528,58497
210526,7,wt,wtmxa,956,52992
210526,7,wt,wtmxa,791,65823
210526,7,wt,wtmxa,958,53341
210526,7,wt,wtmxa,334,52161
210526,7,wt,wtmxa,567,49719
210527,8,wt,wtmxa,2466,31698
210527,8,wt,wtmxa,1404,60468
210527,8,wt,wtmxa,2694,34308
210527,8,wt,wtmxa,1874,73193
210527,8,wt,wtmxa,2601,34888
210527,8,wt,wtmxa,1717,72428
210528,9,wt,wtmxa,988,36798
210528,9,wt,wtmxa,487,34367
210528,9,wt,wtmxa,706,50176
210528,9,wt,wtmxa,575,47648
210528,9,wt,wtmxa,823,50224
210528,9,wt,wtmxa,681,45446
210619,10,wt,wtmxa,4267,3806
210619,10,wt,wtmxa,3566,3745
210619,10,wt,wtmxa,5598,5551
210901,11,wt,wtmxa,25318,84401
210901,11,wt,wtmxa,28031,98376
210901,11,wt,wtmxa,28149,101431
210901,11,wt,wtmxa,27067,100408
210901,11,wt,wtmxa,29057,108200
210901,11,wt,wtmxa,26821,97609
210901,11,wt,wtmxa,28427,102465
210901,11,wt,wtmxa,28123,100211
210901,11,wt,wtmxa,28849,114468
210901,11,wt,wtmxa,27594,105227
210901,11,wt,wtmxa,24953,113224
210901,11,wt,wtmxa,20248,91591
210901,12,wt,wtmxa,15768,27248
210901,12,wt,wtmxa,25422,79699
210901,12,wt,wtmxa,27658,102468
210901,12,wt,wtmxa,28744,104921
210901,12,wt,wtmxa,19252,46919
210901,12,wt,wtmxa,27836,90935
210901,12,wt,wtmxa,30146,114597
210901,12,wt,wtmxa,31230,102070
210901,12,wt,wtmxa,25634,69671
210901,12,wt,wtmxa,25923,113978
210901,12,wt,wtmxa,27474,112209
210901,12,wt,wtmxa,25708,85879